Predictor, "Table Entries", "Trace File", "Total Traces", "Correct", "Correct %", "Incorrect", "Incorrect %", "Runtime (s)"
CS4202_P2::AlwaysTruePredictor, "", bwaves.out, 15105617, 9582022, 0.634335, 5523595, 0.365665, 1.218668
CS4202_P2::TwoBitPredictor, 512, bwaves.out, 15105617, 15071195, 0.997721, 34422, 0.002279, 1.710795
CS4202_P2::GSharePredictor, 512, bwaves.out, 15105617, 14705489, 0.973511, 400128, 0.026489, 2.099428
CS4202_P2::TwoBitPredictor, 512, bwaves.out, 15105517, 15071126, 0.997723, 34391, 0.002277, 1.711733
CS4202_P2::GSharePredictor, 512, bwaves.out, 15105517, 14705429, 0.973514, 400088, 0.026486, 2.055466
CS4202_P2::TwoBitPredictor, 512, bwaves.out, 15105117, 15070748, 0.997725, 34369, 0.002275, 1.720716
CS4202_P2::GSharePredictor, 512, bwaves.out, 15105117, 14705064, 0.973515, 400053, 0.026485, 2.059167
CS4202_P2::TwoBitPredictor, 512, bwaves.out, 15104617, 15070326, 0.997730, 34291, 0.002270, 1.716877
CS4202_P2::GSharePredictor, 512, bwaves.out, 15104617, 14704641, 0.973520, 399976, 0.026480, 2.098316
CS4202_P2::TwoBitPredictor, 512, bwaves.out, 15103617, 15069429, 0.997736, 34188, 0.002264, 1.716524
CS4202_P2::GSharePredictor, 512, bwaves.out, 15103617, 14703715, 0.973523, 399902, 0.026477, 2.068669
CS4202_P2::TwoBitPredictor, 512, bwaves.out, 15100617, 15067152, 0.997784, 33465, 0.002216, 1.716898
CS4202_P2::GSharePredictor, 512, bwaves.out, 15100617, 14701637, 0.973579, 398980, 0.026421, 2.055343
CS4202_P2::TwoBitPredictor, 512, bwaves.out, 15095617, 15063073, 0.997844, 32544, 0.002156, 1.724005
CS4202_P2::GSharePredictor, 512, bwaves.out, 15095617, 14698115, 0.973668, 397502, 0.026332, 2.063556
CS4202_P2::TwoBitPredictor, 512, bwaves.out, 15085617, 15053894, 0.997897, 31723, 0.002103, 1.722322
CS4202_P2::GSharePredictor, 512, bwaves.out, 15085617, 14689512, 0.973743, 396105, 0.026257, 2.067855
CS4202_P2::TwoBitPredictor, 1024, bwaves.out, 15105617, 15072937, 0.997837, 32680, 0.002163, 1.717567
CS4202_P2::GSharePredictor, 1024, bwaves.out, 15105617, 14706957, 0.973608, 398660, 0.026392, 2.106832
CS4202_P2::TwoBitPredictor, 1024, bwaves.out, 15105517, 15072868, 0.997839, 32649, 0.002161, 1.718963
CS4202_P2::GSharePredictor, 1024, bwaves.out, 15105517, 14706900, 0.973611, 398617, 0.026389, 2.060870
CS4202_P2::TwoBitPredictor, 1024, bwaves.out, 15105117, 15072489, 0.997840, 32628, 0.002160, 1.724427
CS4202_P2::GSharePredictor, 1024, bwaves.out, 15105117, 14706536, 0.973613, 398581, 0.026387, 2.059536
CS4202_P2::TwoBitPredictor, 1024, bwaves.out, 15104617, 15072064, 0.997845, 32553, 0.002155, 1.716825
CS4202_P2::GSharePredictor, 1024, bwaves.out, 15104617, 14706110, 0.973617, 398507, 0.026383, 2.096818
CS4202_P2::TwoBitPredictor, 1024, bwaves.out, 15103617, 15071167, 0.997851, 32450, 0.002148, 1.715001
CS4202_P2::GSharePredictor, 1024, bwaves.out, 15103617, 14705179, 0.973620, 398438, 0.026380, 2.067344
CS4202_P2::TwoBitPredictor, 1024, bwaves.out, 15100617, 15068851, 0.997896, 31766, 0.002104, 1.713131
CS4202_P2::GSharePredictor, 1024, bwaves.out, 15100617, 14703098, 0.973675, 397519, 0.026325, 2.059978
CS4202_P2::TwoBitPredictor, 1024, bwaves.out, 15095617, 15064638, 0.997948, 30979, 0.002052, 1.724051
CS4202_P2::GSharePredictor, 1024, bwaves.out, 15095617, 14699368, 0.973751, 396249, 0.026249, 2.061115
CS4202_P2::TwoBitPredictor, 1024, bwaves.out, 15085617, 15055390, 0.997996, 30227, 0.002004, 1.716314
CS4202_P2::GSharePredictor, 1024, bwaves.out, 15085617, 14690640, 0.973818, 394977, 0.026182, 2.071069
CS4202_P2::TwoBitPredictor, 2048, bwaves.out, 15105617, 15074199, 0.997920, 31418, 0.002080, 1.717547
CS4202_P2::GSharePredictor, 2048, bwaves.out, 15105617, 14708341, 0.973700, 397276, 0.026300, 2.095957
CS4202_P2::TwoBitPredictor, 2048, bwaves.out, 15105517, 15074130, 0.997922, 31387, 0.002078, 1.724928
CS4202_P2::GSharePredictor, 2048, bwaves.out, 15105517, 14708286, 0.973703, 397231, 0.026297, 2.062977
CS4202_P2::TwoBitPredictor, 2048, bwaves.out, 15105117, 15073752, 0.997924, 31365, 0.002076, 1.724517
CS4202_P2::GSharePredictor, 2048, bwaves.out, 15105117, 14707926, 0.973705, 397191, 0.026295, 2.063218
CS4202_P2::TwoBitPredictor, 2048, bwaves.out, 15104617, 15073327, 0.997928, 31290, 0.002072, 1.725326
CS4202_P2::GSharePredictor, 2048, bwaves.out, 15104617, 14707507, 0.973709, 397110, 0.026291, 2.062038
CS4202_P2::TwoBitPredictor, 2048, bwaves.out, 15103617, 15072430, 0.997935, 31187, 0.002065, 1.716749
CS4202_P2::GSharePredictor, 2048, bwaves.out, 15103617, 14706576, 0.973712, 397041, 0.026288, 2.067779
CS4202_P2::TwoBitPredictor, 2048, bwaves.out, 15100617, 15070097, 0.997979, 30520, 0.002021, 1.720080
CS4202_P2::GSharePredictor, 2048, bwaves.out, 15100617, 14704442, 0.973764, 396175, 0.026236, 2.062309
CS4202_P2::TwoBitPredictor, 2048, bwaves.out, 15095617, 15065829, 0.998027, 29788, 0.001973, 1.725299
CS4202_P2::GSharePredictor, 2048, bwaves.out, 15095617, 14700602, 0.973832, 395015, 0.026168, 2.064359
CS4202_P2::TwoBitPredictor, 2048, bwaves.out, 15085617, 15056564, 0.998074, 29053, 0.001926, 1.725576
CS4202_P2::GSharePredictor, 2048, bwaves.out, 15085617, 14691805, 0.973895, 393812, 0.026105, 2.062618
CS4202_P2::TwoBitPredictor, 4096, bwaves.out, 15105617, 15075194, 0.997986, 30423, 0.002014, 1.719224
CS4202_P2::GSharePredictor, 4096, bwaves.out, 15105617, 14709476, 0.973775, 396141, 0.026225, 2.067150
CS4202_P2::TwoBitPredictor, 4096, bwaves.out, 15105517, 15075125, 0.997988, 30392, 0.002012, 1.713635
CS4202_P2::GSharePredictor, 4096, bwaves.out, 15105517, 14709422, 0.973778, 396095, 0.026222, 2.065905
CS4202_P2::TwoBitPredictor, 4096, bwaves.out, 15105117, 15074747, 0.997989, 30370, 0.002011, 1.721389
CS4202_P2::GSharePredictor, 4096, bwaves.out, 15105117, 14709063, 0.973780, 396054, 0.026220, 2.066534
CS4202_P2::TwoBitPredictor, 4096, bwaves.out, 15104617, 15074322, 0.997994, 30295, 0.002006, 1.724306
CS4202_P2::GSharePredictor, 4096, bwaves.out, 15104617, 14708653, 0.973785, 395964, 0.026215, 2.065305
CS4202_P2::TwoBitPredictor, 4096, bwaves.out, 15103617, 15073425, 0.998001, 30192, 0.001999, 1.718158
CS4202_P2::GSharePredictor, 4096, bwaves.out, 15103617, 14707739, 0.973789, 395878, 0.026211, 2.071279
CS4202_P2::TwoBitPredictor, 4096, bwaves.out, 15100617, 15071093, 0.998045, 29524, 0.001955, 1.721244
CS4202_P2::GSharePredictor, 4096, bwaves.out, 15100617, 14705619, 0.973842, 394998, 0.026158, 2.070661
CS4202_P2::TwoBitPredictor, 4096, bwaves.out, 15095617, 15066751, 0.998088, 28866, 0.001912, 1.717897
CS4202_P2::GSharePredictor, 4096, bwaves.out, 15095617, 14701616, 0.973900, 394001, 0.026100, 2.066389
CS4202_P2::TwoBitPredictor, 4096, bwaves.out, 15085617, 15057452, 0.998133, 28165, 0.001867, 1.725061
CS4202_P2::GSharePredictor, 4096, bwaves.out, 15085617, 14692726, 0.973956, 392891, 0.026044, 2.063406
CS4202_P2::AlwaysTruePredictor, "", cactusbssn.out, 14634918, 7600263, 0.519324, 7034655, 0.480676, 1.209979
CS4202_P2::TwoBitPredictor, 512, cactusbssn.out, 14634918, 13262544, 0.906226, 1372374, 0.093774, 1.724452
CS4202_P2::GSharePredictor, 512, cactusbssn.out, 14634918, 12352315, 0.844030, 2282603, 0.155970, 2.089778
CS4202_P2::TwoBitPredictor, 512, cactusbssn.out, 14634818, 13262475, 0.906228, 1372343, 0.093772, 1.719290
CS4202_P2::GSharePredictor, 512, cactusbssn.out, 14634818, 12352255, 0.844032, 2282563, 0.155968, 2.092584
CS4202_P2::TwoBitPredictor, 512, cactusbssn.out, 14634418, 13262097, 0.906226, 1372321, 0.093774, 1.719731
CS4202_P2::GSharePredictor, 512, cactusbssn.out, 14634418, 12351890, 0.844030, 2282528, 0.155970, 2.093193
CS4202_P2::TwoBitPredictor, 512, cactusbssn.out, 14633918, 13261675, 0.906229, 1372243, 0.093771, 1.721139
CS4202_P2::GSharePredictor, 512, cactusbssn.out, 14633918, 12351467, 0.844030, 2282451, 0.155970, 2.089486
CS4202_P2::TwoBitPredictor, 512, cactusbssn.out, 14632918, 13260778, 0.906229, 1372140, 0.093771, 1.724975
CS4202_P2::GSharePredictor, 512, cactusbssn.out, 14632918, 12350541, 0.844024, 2282377, 0.155976, 2.081944
CS4202_P2::TwoBitPredictor, 512, cactusbssn.out, 14629918, 13258511, 0.906260, 1371407, 0.093740, 1.720929
CS4202_P2::GSharePredictor, 512, cactusbssn.out, 14629918, 12348478, 0.844057, 2281440, 0.155943, 2.091118
CS4202_P2::TwoBitPredictor, 512, cactusbssn.out, 14624918, 13254381, 0.906288, 1370537, 0.093712, 1.720333
CS4202_P2::GSharePredictor, 512, cactusbssn.out, 14624918, 12344888, 0.844100, 2280030, 0.155900, 2.089292
CS4202_P2::TwoBitPredictor, 512, cactusbssn.out, 14614918, 13244999, 0.906266, 1369919, 0.093734, 1.720221
CS4202_P2::GSharePredictor, 512, cactusbssn.out, 14614918, 12335898, 0.844062, 2279020, 0.155938, 2.085979
CS4202_P2::TwoBitPredictor, 1024, cactusbssn.out, 14634918, 13538933, 0.925112, 1095985, 0.074888, 1.718067
CS4202_P2::GSharePredictor, 1024, cactusbssn.out, 14634918, 12760006, 0.871888, 1874912, 0.128112, 2.070962
CS4202_P2::TwoBitPredictor, 1024, cactusbssn.out, 14634818, 13538864, 0.925113, 1095954, 0.074887, 1.714914
CS4202_P2::GSharePredictor, 1024, cactusbssn.out, 14634818, 12759949, 0.871890, 1874869, 0.128110, 2.075479
CS4202_P2::TwoBitPredictor, 1024, cactusbssn.out, 14634418, 13538485, 0.925113, 1095933, 0.074887, 1.715150
CS4202_P2::GSharePredictor, 1024, cactusbssn.out, 14634418, 12759585, 0.871889, 1874833, 0.128111, 2.077448
CS4202_P2::TwoBitPredictor, 1024, cactusbssn.out, 14633918, 13538060, 0.925115, 1095858, 0.074885, 1.708512
CS4202_P2::GSharePredictor, 1024, cactusbssn.out, 14633918, 12759159, 0.871889, 1874759, 0.128111, 2.074915
CS4202_P2::TwoBitPredictor, 1024, cactusbssn.out, 14632918, 13537163, 0.925117, 1095755, 0.074883, 1.719423
CS4202_P2::GSharePredictor, 1024, cactusbssn.out, 14632918, 12758228, 0.871885, 1874690, 0.128115, 2.072718
CS4202_P2::TwoBitPredictor, 1024, cactusbssn.out, 14629918, 13534855, 0.925149, 1095063, 0.074851, 1.717738
CS4202_P2::GSharePredictor, 1024, cactusbssn.out, 14629918, 12756167, 0.871923, 1873751, 0.128077, 2.076507
CS4202_P2::TwoBitPredictor, 1024, cactusbssn.out, 14624918, 13530606, 0.925175, 1094312, 0.074825, 1.707510
CS4202_P2::GSharePredictor, 1024, cactusbssn.out, 14624918, 12752405, 0.871964, 1872513, 0.128036, 2.080713
CS4202_P2::TwoBitPredictor, 1024, cactusbssn.out, 14614918, 13521193, 0.925164, 1093725, 0.074836, 1.709656
CS4202_P2::GSharePredictor, 1024, cactusbssn.out, 14614918, 12743379, 0.871943, 1871539, 0.128057, 2.075247
CS4202_P2::TwoBitPredictor, 2048, cactusbssn.out, 14634918, 13732722, 0.938353, 902196, 0.061647, 1.714152
CS4202_P2::GSharePredictor, 2048, cactusbssn.out, 14634918, 13121797, 0.896609, 1513121, 0.103391, 2.063507
CS4202_P2::TwoBitPredictor, 2048, cactusbssn.out, 14634818, 13732653, 0.938355, 902165, 0.061645, 1.714285
CS4202_P2::GSharePredictor, 2048, cactusbssn.out, 14634818, 13121742, 0.896611, 1513076, 0.103389, 2.062756
CS4202_P2::TwoBitPredictor, 2048, cactusbssn.out, 14634418, 13732275, 0.938355, 902143, 0.061645, 1.706519
CS4202_P2::GSharePredictor, 2048, cactusbssn.out, 14634418, 13121382, 0.896611, 1513036, 0.103389, 2.066735
CS4202_P2::TwoBitPredictor, 2048, cactusbssn.out, 14633918, 13731850, 0.938358, 902068, 0.061642, 1.705649
CS4202_P2::GSharePredictor, 2048, cactusbssn.out, 14633918, 13120963, 0.896613, 1512955, 0.103387, 2.071174
CS4202_P2::TwoBitPredictor, 2048, cactusbssn.out, 14632918, 13730953, 0.938361, 901965, 0.061639, 1.701769
CS4202_P2::GSharePredictor, 2048, cactusbssn.out, 14632918, 13120032, 0.896611, 1512886, 0.103389, 2.088376
CS4202_P2::TwoBitPredictor, 2048, cactusbssn.out, 14629918, 13728626, 0.938394, 901292, 0.061606, 1.711983
CS4202_P2::GSharePredictor, 2048, cactusbssn.out, 14629918, 13117918, 0.896650, 1512000, 0.103350, 2.061790
CS4202_P2::TwoBitPredictor, 2048, cactusbssn.out, 14624918, 13724337, 0.938421, 900581, 0.061579, 1.708169
CS4202_P2::GSharePredictor, 2048, cactusbssn.out, 14624918, 13114031, 0.896691, 1510887, 0.103309, 2.066666
CS4202_P2::TwoBitPredictor, 2048, cactusbssn.out, 14614918, 13714910, 0.938419, 900008, 0.061581, 1.707670
CS4202_P2::GSharePredictor, 2048, cactusbssn.out, 14614918, 13104979, 0.896685, 1509939, 0.103315, 2.067373
CS4202_P2::TwoBitPredictor, 4096, cactusbssn.out, 14634918, 13839461, 0.945647, 795457, 0.054353, 1.710115
CS4202_P2::GSharePredictor, 4096, cactusbssn.out, 14634918, 13399311, 0.915571, 1235607, 0.084429, 2.052178
CS4202_P2::TwoBitPredictor, 4096, cactusbssn.out, 14634818, 13839392, 0.945648, 795426, 0.054352, 1.709800
CS4202_P2::GSharePredictor, 4096, cactusbssn.out, 14634818, 13399257, 0.915574, 1235561, 0.084426, 2.050015
CS4202_P2::TwoBitPredictor, 4096, cactusbssn.out, 14634418, 13839014, 0.945648, 795404, 0.054352, 1.703987
CS4202_P2::GSharePredictor, 4096, cactusbssn.out, 14634418, 13398898, 0.915574, 1235520, 0.084426, 2.065228
CS4202_P2::TwoBitPredictor, 4096, cactusbssn.out, 14633918, 13838589, 0.945652, 795329, 0.054348, 1.702775
CS4202_P2::GSharePredictor, 4096, cactusbssn.out, 14633918, 13398488, 0.915578, 1235430, 0.084422, 2.065301
CS4202_P2::TwoBitPredictor, 4096, cactusbssn.out, 14632918, 13837692, 0.945655, 795226, 0.054345, 1.700369
CS4202_P2::GSharePredictor, 4096, cactusbssn.out, 14632918, 13397574, 0.915578, 1235344, 0.084422, 2.052500
CS4202_P2::TwoBitPredictor, 4096, cactusbssn.out, 14629918, 13835362, 0.945690, 794556, 0.054310, 1.717634
CS4202_P2::GSharePredictor, 4096, cactusbssn.out, 14629918, 13395471, 0.915622, 1234447, 0.084378, 2.056939
CS4202_P2::TwoBitPredictor, 4096, cactusbssn.out, 14624918, 13830998, 0.945715, 793920, 0.054285, 1.703248
CS4202_P2::GSharePredictor, 4096, cactusbssn.out, 14624918, 13391430, 0.915658, 1233488, 0.084342, 2.063111
CS4202_P2::TwoBitPredictor, 4096, cactusbssn.out, 14614918, 13821565, 0.945716, 793353, 0.054284, 1.700334
CS4202_P2::GSharePredictor, 4096, cactusbssn.out, 14614918, 13382339, 0.915663, 1232579, 0.084337, 2.061976
CS4202_P2::AlwaysTruePredictor, "", exchange2.out, 15203193, 9588014, 0.630658, 5615179, 0.369342, 1.191569
CS4202_P2::TwoBitPredictor, 512, exchange2.out, 15203193, 13466850, 0.885791, 1736343, 0.114209, 1.709189
CS4202_P2::GSharePredictor, 512, exchange2.out, 15203193, 13796941, 0.907503, 1406252, 0.092497, 2.081106
CS4202_P2::TwoBitPredictor, 512, exchange2.out, 15203093, 13466781, 0.885792, 1736312, 0.114208, 1.713789
CS4202_P2::GSharePredictor, 512, exchange2.out, 15203093, 13796881, 0.907505, 1406212, 0.092495, 2.074888
CS4202_P2::TwoBitPredictor, 512, exchange2.out, 15202693, 13466403, 0.885791, 1736290, 0.114209, 1.718075
CS4202_P2::GSharePredictor, 512, exchange2.out, 15202693, 13796516, 0.907505, 1406177, 0.092495, 2.076646
CS4202_P2::TwoBitPredictor, 512, exchange2.out, 15202193, 13465981, 0.885792, 1736212, 0.114208, 1.708715
CS4202_P2::GSharePredictor, 512, exchange2.out, 15202193, 13796093, 0.907507, 1406100, 0.092493, 2.087987
CS4202_P2::TwoBitPredictor, 512, exchange2.out, 15201193, 13465084, 0.885791, 1736109, 0.114209, 1.713951
CS4202_P2::GSharePredictor, 512, exchange2.out, 15201193, 13795167, 0.907506, 1406026, 0.092494, 2.085195
CS4202_P2::TwoBitPredictor, 512, exchange2.out, 15198193, 13462814, 0.885817, 1735379, 0.114183, 1.712500
CS4202_P2::GSharePredictor, 512, exchange2.out, 15198193, 13793087, 0.907548, 1405106, 0.092452, 2.077194
CS4202_P2::TwoBitPredictor, 512, exchange2.out, 15193193, 13458762, 0.885842, 1734431, 0.114158, 1.723329
CS4202_P2::GSharePredictor, 512, exchange2.out, 15193193, 13789564, 0.907615, 1403629, 0.092385, 2.074763
CS4202_P2::TwoBitPredictor, 512, exchange2.out, 15183193, 13449532, 0.885817, 1733661, 0.114183, 1.713825
CS4202_P2::GSharePredictor, 512, exchange2.out, 15183193, 13780870, 0.907640, 1402323, 0.092360, 2.084706
CS4202_P2::TwoBitPredictor, 1024, exchange2.out, 15203193, 13539344, 0.890559, 1663849, 0.109441, 1.710067
CS4202_P2::GSharePredictor, 1024, exchange2.out, 15203193, 13996140, 0.920605, 1207053, 0.079395, 2.077947
CS4202_P2::TwoBitPredictor, 1024, exchange2.out, 15203093, 13539275, 0.890561, 1663818, 0.109439, 1.710250
CS4202_P2::GSharePredictor, 1024, exchange2.out, 15203093, 13996083, 0.920608, 1207010, 0.079392, 2.072009
CS4202_P2::TwoBitPredictor, 1024, exchange2.out, 15202693, 13538896, 0.890559, 1663797, 0.109441, 1.713645
CS4202_P2::GSharePredictor, 1024, exchange2.out, 15202693, 13995719, 0.920608, 1206974, 0.079392, 2.074671
CS4202_P2::TwoBitPredictor, 1024, exchange2.out, 15202193, 13538471, 0.890560, 1663722, 0.109440, 1.706025
CS4202_P2::GSharePredictor, 1024, exchange2.out, 15202193, 13995293, 0.920610, 1206900, 0.079390, 2.079084
CS4202_P2::TwoBitPredictor, 1024, exchange2.out, 15201193, 13537574, 0.890560, 1663619, 0.109440, 1.709053
CS4202_P2::GSharePredictor, 1024, exchange2.out, 15201193, 13994362, 0.920609, 1206831, 0.079391, 2.078407
CS4202_P2::TwoBitPredictor, 1024, exchange2.out, 15198193, 13535265, 0.890584, 1662928, 0.109416, 1.709305
CS4202_P2::GSharePredictor, 1024, exchange2.out, 15198193, 13992280, 0.920654, 1205913, 0.079346, 2.071657
CS4202_P2::TwoBitPredictor, 1024, exchange2.out, 15193193, 13531075, 0.890601, 1662118, 0.109399, 1.701132
CS4202_P2::GSharePredictor, 1024, exchange2.out, 15193193, 13988546, 0.920711, 1204647, 0.079289, 2.073033
CS4202_P2::TwoBitPredictor, 1024, exchange2.out, 15183193, 13521783, 0.890576, 1661410, 0.109424, 1.720226
CS4202_P2::GSharePredictor, 1024, exchange2.out, 15183193, 13979736, 0.920738, 1203457, 0.079262, 2.062644
CS4202_P2::TwoBitPredictor, 2048, exchange2.out, 15203193, 13595286, 0.894239, 1607907, 0.105761, 1.703836
CS4202_P2::GSharePredictor, 2048, exchange2.out, 15203193, 14110317, 0.928115, 1092876, 0.071885, 2.073009
CS4202_P2::TwoBitPredictor, 2048, exchange2.out, 15203093, 13595217, 0.894240, 1607876, 0.105760, 1.707750
CS4202_P2::GSharePredictor, 2048, exchange2.out, 15203093, 14110262, 0.928118, 1092831, 0.071882, 2.064625
CS4202_P2::TwoBitPredictor, 2048, exchange2.out, 15202693, 13594839, 0.894239, 1607854, 0.105761, 1.715819
CS4202_P2::GSharePredictor, 2048, exchange2.out, 15202693, 14109902, 0.928119, 1092791, 0.071881, 2.063209
CS4202_P2::TwoBitPredictor, 2048, exchange2.out, 15202193, 13594414, 0.894240, 1607779, 0.105760, 1.713443
CS4202_P2::GSharePredictor, 2048, exchange2.out, 15202193, 14109483, 0.928122, 1092710, 0.071878, 2.065166
CS4202_P2::TwoBitPredictor, 2048, exchange2.out, 15201193, 13593517, 0.894240, 1607676, 0.105760, 1.709179
CS4202_P2::GSharePredictor, 2048, exchange2.out, 15201193, 14108552, 0.928121, 1092641, 0.071879, 2.071134
CS4202_P2::TwoBitPredictor, 2048, exchange2.out, 15198193, 13591191, 0.894264, 1607002, 0.105736, 1.705912
CS4202_P2::GSharePredictor, 2048, exchange2.out, 15198193, 14106419, 0.928164, 1091774, 0.071836, 2.063096
CS4202_P2::TwoBitPredictor, 2048, exchange2.out, 15193193, 13586949, 0.894279, 1606244, 0.105721, 1.713747
CS4202_P2::GSharePredictor, 2048, exchange2.out, 15193193, 14102561, 0.928216, 1090632, 0.071784, 2.067032
CS4202_P2::TwoBitPredictor, 2048, exchange2.out, 15183193, 13577637, 0.894254, 1605556, 0.105746, 1.714524
CS4202_P2::GSharePredictor, 2048, exchange2.out, 15183193, 14093716, 0.928245, 1089477, 0.071755, 2.066613
CS4202_P2::TwoBitPredictor, 4096, exchange2.out, 15203193, 13617287, 0.895686, 1585906, 0.104314, 1.705199
CS4202_P2::GSharePredictor, 4096, exchange2.out, 15203193, 14198126, 0.933891, 1005067, 0.066109, 2.069400
CS4202_P2::TwoBitPredictor, 4096, exchange2.out, 15203093, 13617218, 0.895687, 1585875, 0.104313, 1.705350
CS4202_P2::GSharePredictor, 4096, exchange2.out, 15203093, 14198072, 0.933894, 1005021, 0.066106, 2.069295
CS4202_P2::TwoBitPredictor, 4096, exchange2.out, 15202693, 13616840, 0.895686, 1585853, 0.104314, 1.704842
CS4202_P2::GSharePredictor, 4096, exchange2.out, 15202693, 14197713, 0.933895, 1004980, 0.066105, 2.061349
CS4202_P2::TwoBitPredictor, 4096, exchange2.out, 15202193, 13616415, 0.895688, 1585778, 0.104312, 1.711402
CS4202_P2::GSharePredictor, 4096, exchange2.out, 15202193, 14197303, 0.933898, 1004890, 0.066102, 2.065429
CS4202_P2::TwoBitPredictor, 4096, exchange2.out, 15201193, 13615518, 0.895687, 1585675, 0.104313, 1.705885
CS4202_P2::GSharePredictor, 4096, exchange2.out, 15201193, 14196389, 0.933900, 1004804, 0.066100, 2.073953
CS4202_P2::TwoBitPredictor, 4096, exchange2.out, 15198193, 13613193, 0.895711, 1585000, 0.104289, 1.707593
CS4202_P2::GSharePredictor, 4096, exchange2.out, 15198193, 14194272, 0.933945, 1003921, 0.066055, 2.071826
CS4202_P2::TwoBitPredictor, 4096, exchange2.out, 15193193, 13608870, 0.895721, 1584323, 0.104278, 1.710202
CS4202_P2::GSharePredictor, 4096, exchange2.out, 15193193, 14190267, 0.933988, 1002926, 0.066012, 2.063796
CS4202_P2::TwoBitPredictor, 4096, exchange2.out, 15183193, 13599534, 0.895697, 1583659, 0.104303, 1.716210
CS4202_P2::GSharePredictor, 4096, exchange2.out, 15183193, 14181333, 0.934015, 1001860, 0.065985, 2.064248
CS4202_P2::AlwaysTruePredictor, "", gcc.out, 14655608, 8355606, 0.570130, 6300002, 0.429870, 1.250662
CS4202_P2::TwoBitPredictor, 512, gcc.out, 14655608, 12005776, 0.819193, 2649832, 0.180807, 1.782732
CS4202_P2::GSharePredictor, 512, gcc.out, 14655608, 11140381, 0.760145, 3515227, 0.239855, 2.149145
CS4202_P2::TwoBitPredictor, 512, gcc.out, 14655508, 12005707, 0.819194, 2649801, 0.180806, 1.774016
CS4202_P2::GSharePredictor, 512, gcc.out, 14655508, 11140321, 0.760146, 3515187, 0.239854, 2.159408
CS4202_P2::TwoBitPredictor, 512, gcc.out, 14655108, 12005329, 0.819191, 2649779, 0.180809, 1.771830
CS4202_P2::GSharePredictor, 512, gcc.out, 14655108, 11139956, 0.760141, 3515152, 0.239858, 2.203636
CS4202_P2::TwoBitPredictor, 512, gcc.out, 14654608, 12004907, 0.819190, 2649701, 0.180810, 1.775048
CS4202_P2::GSharePredictor, 512, gcc.out, 14654608, 11139533, 0.760139, 3515075, 0.239861, 2.148384
CS4202_P2::TwoBitPredictor, 512, gcc.out, 14653608, 12004010, 0.819185, 2649598, 0.180815, 1.782957
CS4202_P2::GSharePredictor, 512, gcc.out, 14653608, 11138607, 0.760127, 3515001, 0.239873, 2.145948
CS4202_P2::TwoBitPredictor, 512, gcc.out, 14650608, 12001743, 0.819198, 2648865, 0.180802, 1.775403
CS4202_P2::GSharePredictor, 512, gcc.out, 14650608, 11136537, 0.760142, 3514071, 0.239858, 2.139095
CS4202_P2::TwoBitPredictor, 512, gcc.out, 14645608, 11997513, 0.819188, 2648095, 0.180812, 1.767566
CS4202_P2::GSharePredictor, 512, gcc.out, 14645608, 11132734, 0.760141, 3512874, 0.239859, 2.155180
CS4202_P2::TwoBitPredictor, 512, gcc.out, 14635608, 11988011, 0.819099, 2647597, 0.180901, 1.771235
CS4202_P2::GSharePredictor, 512, gcc.out, 14635608, 11123521, 0.760031, 3512087, 0.239969, 2.150187
CS4202_P2::TwoBitPredictor, 1024, gcc.out, 14655608, 12840482, 0.876148, 1815126, 0.123852, 1.753948
CS4202_P2::GSharePredictor, 1024, gcc.out, 14655608, 11821168, 0.806597, 2834440, 0.193403, 2.128301
CS4202_P2::TwoBitPredictor, 1024, gcc.out, 14655508, 12840413, 0.876149, 1815095, 0.123851, 1.758246
CS4202_P2::GSharePredictor, 1024, gcc.out, 14655508, 11821111, 0.806599, 2834397, 0.193401, 2.128897
CS4202_P2::TwoBitPredictor, 1024, gcc.out, 14655108, 12840034, 0.876147, 1815074, 0.123853, 1.752832
CS4202_P2::GSharePredictor, 1024, gcc.out, 14655108, 11820747, 0.806596, 2834361, 0.193404, 2.128644
CS4202_P2::TwoBitPredictor, 1024, gcc.out, 14654608, 12839609, 0.876148, 1814999, 0.123852, 1.751781
CS4202_P2::GSharePredictor, 1024, gcc.out, 14654608, 11820321, 0.806594, 2834287, 0.193406, 2.133303
CS4202_P2::TwoBitPredictor, 1024, gcc.out, 14653608, 12838712, 0.876147, 1814896, 0.123853, 1.751423
CS4202_P2::GSharePredictor, 1024, gcc.out, 14653608, 11819390, 0.806586, 2834218, 0.193414, 2.126177
CS4202_P2::TwoBitPredictor, 1024, gcc.out, 14650608, 12836402, 0.876169, 1814206, 0.123831, 1.758653
CS4202_P2::GSharePredictor, 1024, gcc.out, 14650608, 11817316, 0.806609, 2833292, 0.193391, 2.125656
CS4202_P2::TwoBitPredictor, 1024, gcc.out, 14645608, 12832116, 0.876175, 1813492, 0.123825, 1.757704
CS4202_P2::GSharePredictor, 1024, gcc.out, 14645608, 11813459, 0.806621, 2832149, 0.193379, 2.120580
CS4202_P2::TwoBitPredictor, 1024, gcc.out, 14635608, 12822466, 0.876114, 1813142, 0.123886, 1.750519
CS4202_P2::GSharePredictor, 1024, gcc.out, 14635608, 11804090, 0.806532, 2831518, 0.193468, 2.134221
CS4202_P2::TwoBitPredictor, 2048, gcc.out, 14655608, 13421437, 0.915788, 1234171, 0.084212, 1.731131
CS4202_P2::GSharePredictor, 2048, gcc.out, 14655608, 12534388, 0.855262, 2121220, 0.144738, 2.113293
CS4202_P2::TwoBitPredictor, 2048, gcc.out, 14655508, 13421368, 0.915790, 1234140, 0.084210, 1.727059
CS4202_P2::GSharePredictor, 2048, gcc.out, 14655508, 12534333, 0.855264, 2121175, 0.144736, 2.103504
CS4202_P2::TwoBitPredictor, 2048, gcc.out, 14655108, 13420990, 0.915789, 1234118, 0.084211, 1.740512
CS4202_P2::GSharePredictor, 2048, gcc.out, 14655108, 12533973, 0.855263, 2121135, 0.144737, 2.102033
CS4202_P2::TwoBitPredictor, 2048, gcc.out, 14654608, 13420565, 0.915791, 1234043, 0.084209, 1.731991
CS4202_P2::GSharePredictor, 2048, gcc.out, 14654608, 12533554, 0.855264, 2121054, 0.144736, 2.112151
CS4202_P2::TwoBitPredictor, 2048, gcc.out, 14653608, 13419668, 0.915793, 1233940, 0.084207, 1.730886
CS4202_P2::GSharePredictor, 2048, gcc.out, 14653608, 12532623, 0.855259, 2120985, 0.144741, 2.113778
CS4202_P2::TwoBitPredictor, 2048, gcc.out, 14650608, 13417338, 0.915821, 1233270, 0.084179, 1.731111
CS4202_P2::GSharePredictor, 2048, gcc.out, 14650608, 12530494, 0.855288, 2120114, 0.144712, 2.100015
CS4202_P2::TwoBitPredictor, 2048, gcc.out, 14645608, 13413034, 0.915840, 1232574, 0.084160, 1.739592
CS4202_P2::GSharePredictor, 2048, gcc.out, 14645608, 12526653, 0.855318, 2118955, 0.144682, 2.104837
CS4202_P2::TwoBitPredictor, 2048, gcc.out, 14635608, 13403367, 0.915805, 1232241, 0.084195, 1.739615
CS4202_P2::GSharePredictor, 2048, gcc.out, 14635608, 12517263, 0.855261, 2118345, 0.144739, 2.103926
CS4202_P2::TwoBitPredictor, 4096, gcc.out, 14655608, 13696160, 0.934534, 959448, 0.065466, 1.736671
CS4202_P2::GSharePredictor, 4096, gcc.out, 14655608, 13097265, 0.893669, 1558343, 0.106331, 2.092396
CS4202_P2::TwoBitPredictor, 4096, gcc.out, 14655508, 13696091, 0.934535, 959417, 0.065465, 1.723496
CS4202_P2::GSharePredictor, 4096, gcc.out, 14655508, 13097211, 0.893672, 1558297, 0.106328, 2.081701
CS4202_P2::TwoBitPredictor, 4096, gcc.out, 14655108, 13695713, 0.934535, 959395, 0.065465, 1.729334
CS4202_P2::GSharePredictor, 4096, gcc.out, 14655108, 13096852, 0.893671, 1558256, 0.106329, 2.084575
CS4202_P2::TwoBitPredictor, 4096, gcc.out, 14654608, 13695288, 0.934538, 959320, 0.065462, 1.733116
CS4202_P2::GSharePredictor, 4096, gcc.out, 14654608, 13096442, 0.893674, 1558166, 0.106326, 2.088446
CS4202_P2::TwoBitPredictor, 4096, gcc.out, 14653608, 13694391, 0.934541, 959217, 0.065459, 1.725412
CS4202_P2::GSharePredictor, 4096, gcc.out, 14653608, 13095528, 0.893673, 1558080, 0.106327, 2.086968
CS4202_P2::TwoBitPredictor, 4096, gcc.out, 14650608, 13692060, 0.934573, 958548, 0.065427, 1.725269
CS4202_P2::GSharePredictor, 4096, gcc.out, 14650608, 13093419, 0.893712, 1557189, 0.106288, 2.091019
CS4202_P2::TwoBitPredictor, 4096, gcc.out, 14645608, 13687701, 0.934594, 957907, 0.065406, 1.723475
CS4202_P2::GSharePredictor, 4096, gcc.out, 14645608, 13089506, 0.893750, 1556102, 0.106250, 2.078669
CS4202_P2::TwoBitPredictor, 4096, gcc.out, 14635608, 13678035, 0.934572, 957573, 0.065428, 1.731128
CS4202_P2::GSharePredictor, 4096, gcc.out, 14635608, 13080056, 0.893715, 1555552, 0.106285, 2.088642
CS4202_P2::AlwaysTruePredictor, "", leela.out, 15344502, 9934322, 0.647419, 5410180, 0.352581, 1.237781
CS4202_P2::TwoBitPredictor, 512, leela.out, 15344502, 13557316, 0.883529, 1787186, 0.116471, 1.764433
CS4202_P2::GSharePredictor, 512, leela.out, 15344502, 14362502, 0.936003, 982000, 0.063997, 2.088152
CS4202_P2::TwoBitPredictor, 512, leela.out, 15344402, 13557247, 0.883530, 1787155, 0.116470, 1.756772
CS4202_P2::GSharePredictor, 512, leela.out, 15344402, 14362442, 0.936005, 981960, 0.063995, 2.094981
CS4202_P2::TwoBitPredictor, 512, leela.out, 15344002, 13556869, 0.883529, 1787133, 0.116471, 1.753080
CS4202_P2::GSharePredictor, 512, leela.out, 15344002, 14362077, 0.936006, 981925, 0.063994, 2.100458
CS4202_P2::TwoBitPredictor, 512, leela.out, 15343502, 13556447, 0.883530, 1787055, 0.116470, 1.757400
CS4202_P2::GSharePredictor, 512, leela.out, 15343502, 14361654, 0.936009, 981848, 0.063991, 2.090205
CS4202_P2::TwoBitPredictor, 512, leela.out, 15342502, 13555550, 0.883529, 1786952, 0.116471, 1.760999
CS4202_P2::GSharePredictor, 512, leela.out, 15342502, 14360728, 0.936010, 981774, 0.063990, 2.099550
CS4202_P2::TwoBitPredictor, 512, leela.out, 15339502, 13553288, 0.883555, 1786214, 0.116445, 1.765144
CS4202_P2::GSharePredictor, 512, leela.out, 15339502, 14358662, 0.936058, 980840, 0.063942, 2.094448
CS4202_P2::TwoBitPredictor, 512, leela.out, 15334502, 13549169, 0.883574, 1785333, 0.116426, 1.750723
CS4202_P2::GSharePredictor, 512, leela.out, 15334502, 14355056, 0.936128, 979446, 0.063872, 2.096382
CS4202_P2::TwoBitPredictor, 512, leela.out, 15324502, 13539794, 0.883539, 1784708, 0.116461, 1.751756
CS4202_P2::GSharePredictor, 512, leela.out, 15324502, 14346126, 0.936156, 978376, 0.063844, 2.093502
CS4202_P2::TwoBitPredictor, 1024, leela.out, 15344502, 13562236, 0.883850, 1782266, 0.116150, 1.757174
CS4202_P2::GSharePredictor, 1024, leela.out, 15344502, 14491535, 0.944412, 852967, 0.055588, 2.088253
CS4202_P2::TwoBitPredictor, 1024, leela.out, 15344402, 13562167, 0.883851, 1782235, 0.116149, 1.760167
CS4202_P2::GSharePredictor, 1024, leela.out, 15344402, 14491478, 0.944415, 852924, 0.055585, 2.091659
CS4202_P2::TwoBitPredictor, 1024, leela.out, 15344002, 13561788, 0.883849, 1782214, 0.116151, 1.758203
CS4202_P2::GSharePredictor, 1024, leela.out, 15344002, 14491114, 0.944416, 852888, 0.055584, 2.094227
CS4202_P2::TwoBitPredictor, 1024, leela.out, 15343502, 13561363, 0.883851, 1782139, 0.116149, 1.756045
CS4202_P2::GSharePredictor, 1024, leela.out, 15343502, 14490688, 0.944419, 852814, 0.055581, 2.097401
CS4202_P2::TwoBitPredictor, 1024, leela.out, 15342502, 13560466, 0.883850, 1782036, 0.116150, 1.757464
CS4202_P2::GSharePredictor, 1024, leela.out, 15342502, 14489757, 0.944419, 852745, 0.055581, 2.088120
CS4202_P2::TwoBitPredictor, 1024, leela.out, 15339502, 13558161, 0.883872, 1781341, 0.116128, 1.765538
CS4202_P2::GSharePredictor, 1024, leela.out, 15339502, 14487693, 0.944470, 851809, 0.055530, 2.092357
CS4202_P2::TwoBitPredictor, 1024, leela.out, 15334502, 13553915, 0.883884, 1780587, 0.116116, 1.758373
CS4202_P2::GSharePredictor, 1024, leela.out, 15334502, 14483923, 0.944532, 850579, 0.055468, 2.092741
CS4202_P2::TwoBitPredictor, 1024, leela.out, 15324502, 13544493, 0.883846, 1780009, 0.116154, 1.760304
CS4202_P2::GSharePredictor, 1024, leela.out, 15324502, 14474927, 0.944561, 849575, 0.055439, 2.095366
CS4202_P2::TwoBitPredictor, 2048, leela.out, 15344502, 13562748, 0.883883, 1781754, 0.116117, 1.759978
CS4202_P2::GSharePredictor, 2048, leela.out, 15344502, 14559987, 0.948873, 784515, 0.051127, 2.088861
CS4202_P2::TwoBitPredictor, 2048, leela.out, 15344402, 13562679, 0.883884, 1781723, 0.116116, 1.759035
CS4202_P2::GSharePredictor, 2048, leela.out, 15344402, 14559932, 0.948876, 784470, 0.051124, 2.085901
CS4202_P2::TwoBitPredictor, 2048, leela.out, 15344002, 13562301, 0.883883, 1781701, 0.116117, 1.759644
CS4202_P2::GSharePredictor, 2048, leela.out, 15344002, 14559572, 0.948877, 784430, 0.051123, 2.087117
CS4202_P2::TwoBitPredictor, 2048, leela.out, 15343502, 13561876, 0.883884, 1781626, 0.116116, 1.757798
CS4202_P2::GSharePredictor, 2048, leela.out, 15343502, 14559153, 0.948881, 784349, 0.051119, 2.127779
CS4202_P2::TwoBitPredictor, 2048, leela.out, 15342502, 13560979, 0.883883, 1781523, 0.116117, 1.757573
CS4202_P2::GSharePredictor, 2048, leela.out, 15342502, 14558222, 0.948882, 784280, 0.051118, 2.092989
CS4202_P2::TwoBitPredictor, 2048, leela.out, 15339502, 13558651, 0.883904, 1780851, 0.116096, 1.758569
CS4202_P2::GSharePredictor, 2048, leela.out, 15339502, 14556109, 0.948930, 783393, 0.051070, 2.084289
CS4202_P2::TwoBitPredictor, 2048, leela.out, 15334502, 13554368, 0.883913, 1780134, 0.116087, 1.760516
CS4202_P2::GSharePredictor, 2048, leela.out, 15334502, 14552220, 0.948986, 782282, 0.051015, 2.089390
CS4202_P2::TwoBitPredictor, 2048, leela.out, 15324502, 13544922, 0.883874, 1779580, 0.116126, 1.757184
CS4202_P2::GSharePredictor, 2048, leela.out, 15324502, 14543201, 0.949016, 781301, 0.050984, 2.095934
CS4202_P2::TwoBitPredictor, 4096, leela.out, 15344502, 13563846, 0.883955, 1780656, 0.116045, 1.757415
CS4202_P2::GSharePredictor, 4096, leela.out, 15344502, 14646571, 0.954516, 697931, 0.045484, 2.091414
CS4202_P2::TwoBitPredictor, 4096, leela.out, 15344402, 13563777, 0.883956, 1780625, 0.116044, 1.755139
CS4202_P2::GSharePredictor, 4096, leela.out, 15344402, 14646517, 0.954519, 697885, 0.045481, 2.086284
CS4202_P2::TwoBitPredictor, 4096, leela.out, 15344002, 13563399, 0.883954, 1780603, 0.116046, 1.763453
CS4202_P2::GSharePredictor, 4096, leela.out, 15344002, 14646158, 0.954520, 697844, 0.045480, 2.083735
CS4202_P2::TwoBitPredictor, 4096, leela.out, 15343502, 13562974, 0.883956, 1780528, 0.116044, 1.759004
CS4202_P2::GSharePredictor, 4096, leela.out, 15343502, 14645748, 0.954524, 697754, 0.045476, 2.090115
CS4202_P2::TwoBitPredictor, 4096, leela.out, 15342502, 13562077, 0.883955, 1780425, 0.116045, 1.760154
CS4202_P2::GSharePredictor, 4096, leela.out, 15342502, 14644834, 0.954527, 697668, 0.045473, 2.094127
CS4202_P2::TwoBitPredictor, 4096, leela.out, 15339502, 13559747, 0.883976, 1779755, 0.116024, 1.755380
CS4202_P2::GSharePredictor, 4096, leela.out, 15339502, 14642736, 0.954577, 696766, 0.045423, 2.086411
CS4202_P2::TwoBitPredictor, 4096, leela.out, 15334502, 13555386, 0.883980, 1779116, 0.116020, 1.763576
CS4202_P2::GSharePredictor, 4096, leela.out, 15334502, 14638717, 0.954626, 695785, 0.045374, 2.085367
CS4202_P2::TwoBitPredictor, 4096, leela.out, 15324502, 13545934, 0.883940, 1778568, 0.116060, 1.771117
CS4202_P2::GSharePredictor, 4096, leela.out, 15324502, 14629650, 0.954657, 694852, 0.045343, 2.087920
CS4202_P2::AlwaysTruePredictor, "", povray.out, 15024530, 8248924, 0.549030, 6775606, 0.450970, 1.274366
CS4202_P2::TwoBitPredictor, 512, povray.out, 15024530, 13564474, 0.902822, 1460056, 0.097178, 1.786951
CS4202_P2::GSharePredictor, 512, povray.out, 15024530, 12924724, 0.860241, 2099806, 0.139759, 2.149803
CS4202_P2::TwoBitPredictor, 512, povray.out, 15024430, 13564405, 0.902823, 1460025, 0.097177, 1.781302
CS4202_P2::GSharePredictor, 512, povray.out, 15024430, 12924664, 0.860243, 2099766, 0.139757, 2.158261
CS4202_P2::TwoBitPredictor, 512, povray.out, 15024030, 13564027, 0.902822, 1460003, 0.097178, 1.777266
CS4202_P2::GSharePredictor, 512, povray.out, 15024030, 12924299, 0.860242, 2099731, 0.139758, 2.157351
CS4202_P2::TwoBitPredictor, 512, povray.out, 15023530, 13563605, 0.902824, 1459925, 0.097176, 1.781978
CS4202_P2::GSharePredictor, 512, povray.out, 15023530, 12923876, 0.860242, 2099654, 0.139758, 2.150086
CS4202_P2::TwoBitPredictor, 512, povray.out, 15022530, 13562716, 0.902825, 1459814, 0.097175, 1.786924
CS4202_P2::GSharePredictor, 512, povray.out, 15022530, 12922954, 0.860238, 2099576, 0.139762, 2.151789
CS4202_P2::TwoBitPredictor, 512, povray.out, 15019530, 13560431, 0.902853, 1459099, 0.097147, 1.790851
CS4202_P2::GSharePredictor, 512, povray.out, 15019530, 12920853, 0.860270, 2098677, 0.139730, 2.147639
CS4202_P2::TwoBitPredictor, 512, povray.out, 15014530, 13556312, 0.902880, 1458218, 0.097120, 1.781637
CS4202_P2::GSharePredictor, 512, povray.out, 15014530, 12917269, 0.860318, 2097261, 0.139682, 2.153968
CS4202_P2::TwoBitPredictor, 512, povray.out, 15004530, 13546967, 0.902858, 1457563, 0.097142, 1.784247
CS4202_P2::GSharePredictor, 512, povray.out, 15004530, 12908365, 0.860298, 2096165, 0.139702, 2.151354
CS4202_P2::TwoBitPredictor, 1024, povray.out, 15024530, 13913197, 0.926032, 1111333, 0.073968, 1.768907
CS4202_P2::GSharePredictor, 1024, povray.out, 15024530, 13403728, 0.892123, 1620802, 0.107877, 2.130850
CS4202_P2::TwoBitPredictor, 1024, povray.out, 15024430, 13913128, 0.926034, 1111302, 0.073966, 1.778252
CS4202_P2::GSharePredictor, 1024, povray.out, 15024430, 13403671, 0.892125, 1620759, 0.107875, 2.135135
CS4202_P2::TwoBitPredictor, 1024, povray.out, 15024030, 13912749, 0.926033, 1111281, 0.073967, 1.770320
CS4202_P2::GSharePredictor, 1024, povray.out, 15024030, 13403307, 0.892125, 1620723, 0.107875, 2.164103
CS4202_P2::TwoBitPredictor, 1024, povray.out, 15023530, 13912324, 0.926036, 1111206, 0.073964, 1.773445
CS4202_P2::GSharePredictor, 1024, povray.out, 15023530, 13402881, 0.892126, 1620649, 0.107874, 2.146867
CS4202_P2::TwoBitPredictor, 1024, povray.out, 15022530, 13911435, 0.926038, 1111095, 0.073962, 1.773956
CS4202_P2::GSharePredictor, 1024, povray.out, 15022530, 13401954, 0.892124, 1620576, 0.107876, 2.127944
CS4202_P2::TwoBitPredictor, 1024, povray.out, 15019530, 13909112, 0.926068, 1110418, 0.073932, 1.781727
CS4202_P2::GSharePredictor, 1024, povray.out, 15019530, 13399863, 0.892163, 1619667, 0.107837, 2.133153
CS4202_P2::TwoBitPredictor, 1024, povray.out, 15014530, 13904879, 0.926095, 1109651, 0.073905, 1.782343
CS4202_P2::GSharePredictor, 1024, povray.out, 15014530, 13396086, 0.892208, 1618444, 0.107792, 2.134781
CS4202_P2::TwoBitPredictor, 1024, povray.out, 15004530, 13895497, 0.926087, 1109033, 0.073913, 1.774063
CS4202_P2::GSharePredictor, 1024, povray.out, 15004530, 13387135, 0.892206, 1617395, 0.107794, 2.140687
CS4202_P2::TwoBitPredictor, 2048, povray.out, 15024530, 14145613, 0.941501, 878917, 0.058499, 1.766473
CS4202_P2::GSharePredictor, 2048, povray.out, 15024530, 13775550, 0.916871, 1248980, 0.083129, 2.136296
CS4202_P2::TwoBitPredictor, 2048, povray.out, 15024430, 14145544, 0.941503, 878886, 0.058497, 1.766137
CS4202_P2::GSharePredictor, 2048, povray.out, 15024430, 13775495, 0.916873, 1248935, 0.083127, 2.133293
CS4202_P2::TwoBitPredictor, 2048, povray.out, 15024030, 14145166, 0.941503, 878864, 0.058497, 1.771108
CS4202_P2::GSharePredictor, 2048, povray.out, 15024030, 13775135, 0.916874, 1248895, 0.083127, 2.127590
CS4202_P2::TwoBitPredictor, 2048, povray.out, 15023530, 14144741, 0.941506, 878789, 0.058494, 1.773851
CS4202_P2::GSharePredictor, 2048, povray.out, 15023530, 13774716, 0.916876, 1248814, 0.083124, 2.128557
CS4202_P2::TwoBitPredictor, 2048, povray.out, 15022530, 14143852, 0.941509, 878678, 0.058491, 1.764683
CS4202_P2::GSharePredictor, 2048, povray.out, 15022530, 13773789, 0.916875, 1248741, 0.083125, 2.134313
CS4202_P2::TwoBitPredictor, 2048, povray.out, 15019530, 14141507, 0.941541, 878023, 0.058459, 1.764009
CS4202_P2::GSharePredictor, 2048, povray.out, 15019530, 13771646, 0.916916, 1247884, 0.083084, 2.132074
CS4202_P2::TwoBitPredictor, 2048, povray.out, 15014530, 14137233, 0.941570, 877297, 0.058430, 1.763976
CS4202_P2::GSharePredictor, 2048, povray.out, 15014530, 13767742, 0.916961, 1246788, 0.083039, 2.125888
CS4202_P2::TwoBitPredictor, 2048, povray.out, 15004530, 14127823, 0.941571, 876707, 0.058429, 1.767555
CS4202_P2::GSharePredictor, 2048, povray.out, 15004530, 13758747, 0.916973, 1245783, 0.083027, 2.127575
CS4202_P2::TwoBitPredictor, 4096, povray.out, 15024530, 14244237, 0.948065, 780293, 0.051935, 1.763286
CS4202_P2::GSharePredictor, 4096, povray.out, 15024530, 14049519, 0.935105, 975011, 0.064895, 2.127927
CS4202_P2::TwoBitPredictor, 4096, povray.out, 15024430, 14244168, 0.948067, 780262, 0.051933, 1.764206
CS4202_P2::GSharePredictor, 4096, povray.out, 15024430, 14049465, 0.935108, 974965, 0.064892, 2.128386
CS4202_P2::TwoBitPredictor, 4096, povray.out, 15024030, 14243790, 0.948067, 780240, 0.051933, 1.762987
CS4202_P2::GSharePredictor, 4096, povray.out, 15024030, 14049106, 0.935109, 974924, 0.064891, 2.120330
CS4202_P2::TwoBitPredictor, 4096, povray.out, 15023530, 14243365, 0.948070, 780165, 0.051930, 1.769501
CS4202_P2::GSharePredictor, 4096, povray.out, 15023530, 14048698, 0.935113, 974832, 0.064887, 2.120123
CS4202_P2::TwoBitPredictor, 4096, povray.out, 15022530, 14242476, 0.948074, 780054, 0.051926, 1.770856
CS4202_P2::GSharePredictor, 4096, povray.out, 15022530, 14047786, 0.935115, 974744, 0.064885, 2.118873
CS4202_P2::TwoBitPredictor, 4096, povray.out, 15019530, 14240129, 0.948107, 779401, 0.051893, 1.762228
CS4202_P2::GSharePredictor, 4096, povray.out, 15019530, 14045657, 0.935160, 973873, 0.064840, 2.124972
CS4202_P2::TwoBitPredictor, 4096, povray.out, 15014530, 14235777, 0.948133, 778753, 0.051867, 1.764741
CS4202_P2::GSharePredictor, 4096, povray.out, 15014530, 14041597, 0.935201, 972933, 0.064799, 2.124685
CS4202_P2::TwoBitPredictor, 4096, povray.out, 15004530, 14226359, 0.948138, 778171, 0.051862, 1.763821
CS4202_P2::GSharePredictor, 4096, povray.out, 15004530, 14032562, 0.935222, 971968, 0.064778, 2.120229
CS4202_P2::AlwaysTruePredictor, "", wrf.out, 14488676, 12470050, 0.860676, 2018626, 0.139324, 1.109729
CS4202_P2::TwoBitPredictor, 512, wrf.out, 14488676, 14204982, 0.980420, 283694, 0.019580, 1.563718
CS4202_P2::GSharePredictor, 512, wrf.out, 14488676, 14105763, 0.973572, 382913, 0.026428, 1.896180
CS4202_P2::TwoBitPredictor, 512, wrf.out, 14488576, 14204913, 0.980422, 283663, 0.019578, 1.575064
CS4202_P2::GSharePredictor, 512, wrf.out, 14488576, 14105703, 0.973574, 382873, 0.026426, 1.895298
CS4202_P2::TwoBitPredictor, 512, wrf.out, 14488176, 14204535, 0.980423, 283641, 0.019577, 1.569109
CS4202_P2::GSharePredictor, 512, wrf.out, 14488176, 14105338, 0.973576, 382838, 0.026424, 1.902780
CS4202_P2::TwoBitPredictor, 512, wrf.out, 14487676, 14204113, 0.980427, 283563, 0.019573, 1.570724
CS4202_P2::GSharePredictor, 512, wrf.out, 14487676, 14104915, 0.973580, 382761, 0.026420, 1.895412
CS4202_P2::TwoBitPredictor, 512, wrf.out, 14486676, 14203216, 0.980433, 283460, 0.019567, 1.569794
CS4202_P2::GSharePredictor, 512, wrf.out, 14486676, 14103989, 0.973584, 382687, 0.026416, 1.929349
CS4202_P2::TwoBitPredictor, 512, wrf.out, 14483676, 14200938, 0.980479, 282738, 0.019521, 1.567024
CS4202_P2::GSharePredictor, 512, wrf.out, 14483676, 14101902, 0.973641, 381774, 0.026359, 1.901398
CS4202_P2::TwoBitPredictor, 512, wrf.out, 14478676, 14196859, 0.980536, 281817, 0.019464, 1.565580
CS4202_P2::GSharePredictor, 512, wrf.out, 14478676, 14098314, 0.973729, 380362, 0.026270, 1.897165
CS4202_P2::TwoBitPredictor, 512, wrf.out, 14468676, 14187733, 0.980583, 280943, 0.019417, 1.571287
CS4202_P2::GSharePredictor, 512, wrf.out, 14468676, 14089865, 0.973819, 378811, 0.026181, 1.892199
CS4202_P2::TwoBitPredictor, 1024, wrf.out, 14488676, 14243667, 0.983090, 245009, 0.016910, 1.567104
CS4202_P2::GSharePredictor, 1024, wrf.out, 14488676, 14172271, 0.978162, 316405, 0.021838, 1.902272
CS4202_P2::TwoBitPredictor, 1024, wrf.out, 14488576, 14243598, 0.983092, 244978, 0.016908, 1.566585
CS4202_P2::GSharePredictor, 1024, wrf.out, 14488576, 14172214, 0.978165, 316362, 0.021835, 1.893466
CS4202_P2::TwoBitPredictor, 1024, wrf.out, 14488176, 14243219, 0.983093, 244957, 0.016907, 1.568820
CS4202_P2::GSharePredictor, 1024, wrf.out, 14488176, 14171850, 0.978167, 316326, 0.021833, 1.898049
CS4202_P2::TwoBitPredictor, 1024, wrf.out, 14487676, 14242794, 0.983097, 244882, 0.016903, 1.566514
CS4202_P2::GSharePredictor, 1024, wrf.out, 14487676, 14171424, 0.978171, 316252, 0.021829, 1.894581
CS4202_P2::TwoBitPredictor, 1024, wrf.out, 14486676, 14241897, 0.983103, 244779, 0.016897, 1.565209
CS4202_P2::GSharePredictor, 1024, wrf.out, 14486676, 14170493, 0.978174, 316183, 0.021826, 1.900842
CS4202_P2::TwoBitPredictor, 1024, wrf.out, 14483676, 14239581, 0.983147, 244095, 0.016853, 1.561289
CS4202_P2::GSharePredictor, 1024, wrf.out, 14483676, 14168409, 0.978233, 315267, 0.021767, 1.893738
CS4202_P2::TwoBitPredictor, 1024, wrf.out, 14478676, 14235355, 0.983195, 243321, 0.016805, 1.571492
CS4202_P2::GSharePredictor, 1024, wrf.out, 14478676, 14164615, 0.978309, 314061, 0.021691, 1.941998
CS4202_P2::TwoBitPredictor, 1024, wrf.out, 14468676, 14226170, 0.983239, 242506, 0.016761, 1.569701
CS4202_P2::GSharePredictor, 1024, wrf.out, 14468676, 14156017, 0.978391, 312659, 0.021609, 1.900208
CS4202_P2::TwoBitPredictor, 2048, wrf.out, 14488676, 14258771, 0.984132, 229905, 0.015868, 1.559613
CS4202_P2::GSharePredictor, 2048, wrf.out, 14488676, 14218182, 0.981331, 270494, 0.018669, 1.892904
CS4202_P2::TwoBitPredictor, 2048, wrf.out, 14488576, 14258702, 0.984134, 229874, 0.015866, 1.572324
CS4202_P2::GSharePredictor, 2048, wrf.out, 14488576, 14218127, 0.981334, 270449, 0.018666, 1.898375
CS4202_P2::TwoBitPredictor, 2048, wrf.out, 14488176, 14258324, 0.984135, 229852, 0.015865, 1.564915
CS4202_P2::GSharePredictor, 2048, wrf.out, 14488176, 14217767, 0.981336, 270409, 0.018664, 1.897061
CS4202_P2::TwoBitPredictor, 2048, wrf.out, 14487676, 14257899, 0.984140, 229777, 0.015860, 1.561958
CS4202_P2::GSharePredictor, 2048, wrf.out, 14487676, 14217348, 0.981341, 270328, 0.018659, 1.893507
CS4202_P2::TwoBitPredictor, 2048, wrf.out, 14486676, 14257002, 0.984146, 229674, 0.015854, 1.559489
CS4202_P2::GSharePredictor, 2048, wrf.out, 14486676, 14216417, 0.981344, 270259, 0.018656, 1.894829
CS4202_P2::TwoBitPredictor, 2048, wrf.out, 14483676, 14254668, 0.984189, 229008, 0.015811, 1.564938
CS4202_P2::GSharePredictor, 2048, wrf.out, 14483676, 14214281, 0.981400, 269395, 0.018600, 1.898242
CS4202_P2::TwoBitPredictor, 2048, wrf.out, 14478676, 14250396, 0.984233, 228280, 0.015767, 1.565447
CS4202_P2::GSharePredictor, 2048, wrf.out, 14478676, 14210349, 0.981467, 268327, 0.018533, 1.899399
CS4202_P2::TwoBitPredictor, 2048, wrf.out, 14468676, 14241199, 0.984278, 227477, 0.015722, 1.572572
CS4202_P2::GSharePredictor, 2048, wrf.out, 14468676, 14201714, 0.981549, 266962, 0.018451, 1.893217
CS4202_P2::TwoBitPredictor, 4096, wrf.out, 14488676, 14307943, 0.987526, 180733, 0.012474, 1.565266
CS4202_P2::GSharePredictor, 4096, wrf.out, 14488676, 14236450, 0.982592, 252226, 0.017408, 1.894672
CS4202_P2::TwoBitPredictor, 4096, wrf.out, 14488576, 14307874, 0.987528, 180702, 0.012472, 1.561558
CS4202_P2::GSharePredictor, 4096, wrf.out, 14488576, 14236396, 0.982595, 252180, 0.017405, 1.901072
CS4202_P2::TwoBitPredictor, 4096, wrf.out, 14488176, 14307496, 0.987529, 180680, 0.012471, 1.564393
CS4202_P2::GSharePredictor, 4096, wrf.out, 14488176, 14236037, 0.982597, 252139, 0.017403, 1.894287
CS4202_P2::TwoBitPredictor, 4096, wrf.out, 14487676, 14307071, 0.987534, 180605, 0.012466, 1.570291
CS4202_P2::GSharePredictor, 4096, wrf.out, 14487676, 14235627, 0.982603, 252049, 0.017397, 1.891490
CS4202_P2::TwoBitPredictor, 4096, wrf.out, 14486676, 14306174, 0.987540, 180502, 0.012460, 1.563457
CS4202_P2::GSharePredictor, 4096, wrf.out, 14486676, 14234713, 0.982607, 251963, 0.017393, 1.900552
CS4202_P2::TwoBitPredictor, 4096, wrf.out, 14483676, 14303839, 0.987583, 179837, 0.012417, 1.563801
CS4202_P2::GSharePredictor, 4096, wrf.out, 14483676, 14232594, 0.982664, 251082, 0.017336, 1.890642
CS4202_P2::TwoBitPredictor, 4096, wrf.out, 14478676, 14299492, 0.987624, 179184, 0.012376, 1.568473
CS4202_P2::GSharePredictor, 4096, wrf.out, 14478676, 14228510, 0.982722, 250166, 0.017278, 1.889858
CS4202_P2::TwoBitPredictor, 4096, wrf.out, 14468676, 14290271, 0.987670, 178405, 0.012330, 1.560168
CS4202_P2::GSharePredictor, 4096, wrf.out, 14468676, 14219789, 0.982798, 248887, 0.017202, 1.901706
CS4202_P2::AlwaysTruePredictor, "", xz.out, 15291703, 10007088, 0.654413, 5284615, 0.345587, 1.286336
CS4202_P2::TwoBitPredictor, 512, xz.out, 15291703, 13206384, 0.863631, 2085319, 0.136369, 1.814536
CS4202_P2::GSharePredictor, 512, xz.out, 15291703, 12143981, 0.794155, 3147722, 0.205845, 2.210271
CS4202_P2::TwoBitPredictor, 512, xz.out, 15291603, 13206315, 0.863632, 2085288, 0.136368, 1.814896
CS4202_P2::GSharePredictor, 512, xz.out, 15291603, 12143921, 0.794156, 3147682, 0.205844, 2.213623
CS4202_P2::TwoBitPredictor, 512, xz.out, 15291203, 13205937, 0.863630, 2085266, 0.136370, 1.812675
CS4202_P2::GSharePredictor, 512, xz.out, 15291203, 12143556, 0.794153, 3147647, 0.205847, 2.204332
CS4202_P2::TwoBitPredictor, 512, xz.out, 15290703, 13205515, 0.863630, 2085188, 0.136370, 1.818535
CS4202_P2::GSharePredictor, 512, xz.out, 15290703, 12143133, 0.794151, 3147570, 0.205849, 2.195213
CS4202_P2::TwoBitPredictor, 512, xz.out, 15289703, 13204618, 0.863628, 2085085, 0.136372, 1.822107
CS4202_P2::GSharePredictor, 512, xz.out, 15289703, 12142207, 0.794143, 3147496, 0.205857, 2.204459
CS4202_P2::TwoBitPredictor, 512, xz.out, 15286703, 13202373, 0.863651, 2084330, 0.136349, 1.813195
CS4202_P2::GSharePredictor, 512, xz.out, 15286703, 12140175, 0.794166, 3146528, 0.205834, 2.213547
CS4202_P2::TwoBitPredictor, 512, xz.out, 15281703, 13197772, 0.863632, 2083931, 0.136368, 1.813745
CS4202_P2::GSharePredictor, 512, xz.out, 15281703, 12135766, 0.794137, 3145937, 0.205863, 2.211388
CS4202_P2::TwoBitPredictor, 512, xz.out, 15271703, 13188585, 0.863596, 2083118, 0.136404, 1.811504
CS4202_P2::GSharePredictor, 512, xz.out, 15271703, 12126965, 0.794081, 3144738, 0.205919, 2.207653
CS4202_P2::TwoBitPredictor, 1024, xz.out, 15291703, 13362425, 0.873835, 1929278, 0.126165, 1.814855
CS4202_P2::GSharePredictor, 1024, xz.out, 15291703, 12375602, 0.809302, 2916101, 0.190698, 2.200728
CS4202_P2::TwoBitPredictor, 1024, xz.out, 15291603, 13362356, 0.873836, 1929247, 0.126164, 1.816344
CS4202_P2::GSharePredictor, 1024, xz.out, 15291603, 12375545, 0.809303, 2916058, 0.190697, 2.201127
CS4202_P2::TwoBitPredictor, 1024, xz.out, 15291203, 13361977, 0.873834, 1929226, 0.126166, 1.808947
CS4202_P2::GSharePredictor, 1024, xz.out, 15291203, 12375181, 0.809301, 2916022, 0.190699, 2.205123
CS4202_P2::TwoBitPredictor, 1024, xz.out, 15290703, 13361552, 0.873835, 1929151, 0.126165, 1.802816
CS4202_P2::GSharePredictor, 1024, xz.out, 15290703, 12374755, 0.809299, 2915948, 0.190701, 2.207560
CS4202_P2::TwoBitPredictor, 1024, xz.out, 15289703, 13360655, 0.873834, 1929048, 0.126166, 1.807541
CS4202_P2::GSharePredictor, 1024, xz.out, 15289703, 12373824, 0.809291, 2915879, 0.190709, 2.202925
CS4202_P2::TwoBitPredictor, 1024, xz.out, 15286703, 13358371, 0.873856, 1928332, 0.126144, 1.816865
CS4202_P2::GSharePredictor, 1024, xz.out, 15286703, 12371788, 0.809317, 2914915, 0.190683, 2.198901
CS4202_P2::TwoBitPredictor, 1024, xz.out, 15281703, 13353751, 0.873839, 1927952, 0.126161, 1.817209
CS4202_P2::GSharePredictor, 1024, xz.out, 15281703, 12367415, 0.809296, 2914288, 0.190704, 2.202965
CS4202_P2::TwoBitPredictor, 1024, xz.out, 15271703, 13344361, 0.873797, 1927342, 0.126203, 1.806912
CS4202_P2::GSharePredictor, 1024, xz.out, 15271703, 12358429, 0.809237, 2913274, 0.190763, 2.205181
CS4202_P2::TwoBitPredictor, 2048, xz.out, 15291703, 13403867, 0.876545, 1887836, 0.123455, 1.808242
CS4202_P2::GSharePredictor, 2048, xz.out, 15291703, 12557840, 0.821219, 2733863, 0.178781, 2.203102
CS4202_P2::TwoBitPredictor, 2048, xz.out, 15291603, 13403798, 0.876546, 1887805, 0.123454, 1.807932
CS4202_P2::GSharePredictor, 2048, xz.out, 15291603, 12557785, 0.821221, 2733818, 0.178779, 2.203558
CS4202_P2::TwoBitPredictor, 2048, xz.out, 15291203, 13403420, 0.876545, 1887783, 0.123455, 1.810453
CS4202_P2::GSharePredictor, 2048, xz.out, 15291203, 12557425, 0.821219, 2733778, 0.178781, 2.193997
CS4202_P2::TwoBitPredictor, 2048, xz.out, 15290703, 13402995, 0.876545, 1887708, 0.123455, 1.814986
CS4202_P2::GSharePredictor, 2048, xz.out, 15290703, 12557006, 0.821218, 2733697, 0.178782, 2.197168
CS4202_P2::TwoBitPredictor, 2048, xz.out, 15289703, 13402098, 0.876544, 1887605, 0.123456, 1.819633
CS4202_P2::GSharePredictor, 2048, xz.out, 15289703, 12556075, 0.821211, 2733628, 0.178789, 2.202485
CS4202_P2::TwoBitPredictor, 2048, xz.out, 15286703, 13399795, 0.876565, 1886908, 0.123435, 1.808911
CS4202_P2::GSharePredictor, 2048, xz.out, 15286703, 12553984, 0.821236, 2732719, 0.178764, 2.203046
CS4202_P2::TwoBitPredictor, 2048, xz.out, 15281703, 13395173, 0.876550, 1886530, 0.123450, 1.809301
CS4202_P2::GSharePredictor, 2048, xz.out, 15281703, 12549585, 0.821216, 2732118, 0.178784, 2.202239
CS4202_P2::TwoBitPredictor, 2048, xz.out, 15271703, 13385783, 0.876509, 1885920, 0.123491, 1.807178
CS4202_P2::GSharePredictor, 2048, xz.out, 15271703, 12540543, 0.821162, 2731160, 0.178838, 2.198073
CS4202_P2::TwoBitPredictor, 4096, xz.out, 15291703, 13408113, 0.876823, 1883590, 0.123177, 1.810139
CS4202_P2::GSharePredictor, 4096, xz.out, 15291703, 12757376, 0.834268, 2534327, 0.165732, 2.193383
CS4202_P2::TwoBitPredictor, 4096, xz.out, 15291603, 13408044, 0.876824, 1883559, 0.123176, 1.805430
CS4202_P2::GSharePredictor, 4096, xz.out, 15291603, 12757322, 0.834270, 2534281, 0.165730, 2.194615
CS4202_P2::TwoBitPredictor, 4096, xz.out, 15291203, 13407666, 0.876822, 1883537, 0.123178, 1.803721
CS4202_P2::GSharePredictor, 4096, xz.out, 15291203, 12756963, 0.834268, 2534240, 0.165732, 2.223942
CS4202_P2::TwoBitPredictor, 4096, xz.out, 15290703, 13407241, 0.876823, 1883462, 0.123177, 1.809853
CS4202_P2::GSharePredictor, 4096, xz.out, 15290703, 12756553, 0.834269, 2534150, 0.165731, 2.199402
CS4202_P2::TwoBitPredictor, 4096, xz.out, 15289703, 13406344, 0.876822, 1883359, 0.123178, 1.810227
CS4202_P2::GSharePredictor, 4096, xz.out, 15289703, 12755639, 0.834263, 2534064, 0.165737, 2.191118
CS4202_P2::TwoBitPredictor, 4096, xz.out, 15286703, 13404037, 0.876843, 1882666, 0.123157, 1.816733
CS4202_P2::GSharePredictor, 4096, xz.out, 15286703, 12753566, 0.834291, 2533137, 0.165709, 2.189907
CS4202_P2::TwoBitPredictor, 4096, xz.out, 15281703, 13399395, 0.876826, 1882308, 0.123174, 1.818035
CS4202_P2::GSharePredictor, 4096, xz.out, 15281703, 12749168, 0.834277, 2532535, 0.165723, 2.191737
CS4202_P2::TwoBitPredictor, 4096, xz.out, 15271703, 13389990, 0.876784, 1881713, 0.123216, 1.807319
CS4202_P2::GSharePredictor, 4096, xz.out, 15271703, 12740050, 0.834226, 2531653, 0.165774, 2.194936
